{"m": 750213.2905119583, "b": 8826566.052054795}