{"m": 750213.2905119583, "b": 8826566.052054795, "mean_date": 737973.0, "std_date": 105.36602868097478}